<?xml version="1.0" encoding="UTF-8"?>
<project xmlns="http://www.netbeans.org/ns/project/1">
    <type>org.netbeans.modules.apisupport.project</type>
    <configuration>
        <data xmlns="http://www.netbeans.org/ns/nb-module-project/3">
            <code-name-base>nxjplugin</code-name-base>
            <standalone/>
            <module-dependencies>
                <dependency>
                    <code-name-base>org.jdesktop.layout</code-name-base>
                    <build-prerequisite/>
                    <compile-dependency/>
                    <run-dependency>
                        <release-version>1</release-version>
                        <specification-version>1.6.1</specification-version>
                    </run-dependency>
                </dependency>
                <dependency>
                    <code-name-base>org.netbeans.modules.projectapi</code-name-base>
                    <build-prerequisite/>
                    <compile-dependency/>
                    <run-dependency>
                        <release-version>1</release-version>
                        <specification-version>1.19.2</specification-version>
                    </run-dependency>
                </dependency>
                <dependency>
                    <code-name-base>org.netbeans.modules.projectuiapi</code-name-base>
                    <build-prerequisite/>
                    <compile-dependency/>
                    <run-dependency>
                        <release-version>1</release-version>
                        <specification-version>1.31.1.6</specification-version>
                    </run-dependency>
                </dependency>
                <dependency>
                    <code-name-base>org.openide.awt</code-name-base>
                    <build-prerequisite/>
                    <compile-dependency/>
                    <run-dependency>
                        <specification-version>7.3.1.1</specification-version>
                    </run-dependency>
                </dependency>
                <dependency>
                    <code-name-base>org.openide.dialogs</code-name-base>
                    <build-prerequisite/>
                    <compile-dependency/>
                    <run-dependency>
                        <specification-version>7.8.1</specification-version>
                    </run-dependency>
                </dependency>
                <dependency>
                    <code-name-base>org.openide.filesystems</code-name-base>
                    <build-prerequisite/>
                    <compile-dependency/>
                    <run-dependency>
                        <specification-version>7.13.1.1.1</specification-version>
                    </run-dependency>
                </dependency>
                <dependency>
                    <code-name-base>org.openide.loaders</code-name-base>
                    <build-prerequisite/>
                    <compile-dependency/>
                    <run-dependency>
                        <specification-version>7.2.3</specification-version>
                    </run-dependency>
                </dependency>
                <dependency>
                    <code-name-base>org.openide.util</code-name-base>
                    <build-prerequisite/>
                    <compile-dependency/>
                    <run-dependency>
                        <specification-version>7.18.1.1</specification-version>
                    </run-dependency>
                </dependency>
            </module-dependencies>
            <public-packages/>
        </data>
    </configuration>
</project>
